{
  "IcoMoonType": "selection",
  "icons": [
    {
      "icon": {
        "paths": [
          "M837.775 132.739c-87.516-75.24-201.287-120.832-325.775-120.832-276.194 0-500.093 223.899-500.093 500.093 0 124.487 45.58 238.247 120.832 325.775",
          "M183.046 888.511c87.945 76.883 202.954 123.583 328.954 123.583 276.194 0 500.093-223.899 500.093-500.093 0-125.988-46.699-241.009-123.583-328.942",
          "M618.496 478.244c58.487 0 106.055-47.58 106.055-106.055 0-58.463-47.58-106.067-106.055-106.067-58.499 0-106.079 47.58-106.079 106.067s47.592 106.055 106.079 106.055zM618.496 289.935c45.403 0.054 82.194 36.849 82.241 82.249l0 0.004c-0.054 45.399-36.843 82.187-82.236 82.241l-0.005 0c-45.366 0-82.265-36.9-82.265-82.241 0-45.354 36.912-82.253 82.265-82.253zM619.175 521.121c-100.031 0-178.617 81.372-178.617 181.391v11.907h357.209v-11.907c0-100.019-78.574-181.391-178.593-181.391zM461.36 690.605c6.108-81.36 74.252-145.67 157.148-145.67 82.873 0 151.028 64.321 157.124 145.67h-314.273zM360.817 525.133c47.783 0 86.659-38.876 86.659-86.671 0-47.783-38.876-86.659-86.659-86.659-47.795 0-86.683 38.876-86.683 86.659-0.012 47.795 38.888 86.683 86.683 86.683zM360.817 375.617c34.692 0.041 62.804 28.153 62.845 62.841l0 0.004c-0.034 34.7-28.147 62.821-62.841 62.869l-0.004 0c-34.708-0.034-62.835-28.161-62.869-62.866l-0-0.003c0.041-34.7 28.167-62.818 62.866-62.845l0.003-0zM214.326 702.512v11.907h178.605v-23.814h-154.267c5.68-64.202 56.975-112.902 121.427-112.902 24.35 0 44.473 4.894 61.523 14.943l12.109-20.516c-20.813-12.264-44.901-18.241-73.621-18.241-81.753 0-145.777 65.286-145.777 148.623z"
        ],
        "attrs": [
          {
            "fill": "none",
            "stroke": "rgb(112, 207, 41)",
            "strokeLinejoin": "miter",
            "strokeLinecap": "butt",
            "strokeMiterlimit": "10",
            "strokeWidth": 11.906976744186046
          },
          {
            "fill": "none",
            "stroke": "rgb(63, 169, 245)",
            "strokeLinejoin": "miter",
            "strokeLinecap": "butt",
            "strokeMiterlimit": "10",
            "strokeWidth": 11.906976744186046
          },
          {
            "fill": "rgb(63, 169, 245)"
          }
        ],
        "isMulticolor": false,
        "isMulticolor2": true,
        "grid": 0,
        "tags": [
          "activity1"
        ],
        "colorPermutations": {
          "1122074112552552551631692451972171": [
            {
              "s": 1
            },
            {
              "s": 2
            },
            {
              "f": 2
            }
          ]
        }
      },
      "attrs": [
        {
          "fill": "none",
          "stroke": "rgb(112, 207, 41)",
          "strokeLinejoin": "miter",
          "strokeLinecap": "butt",
          "strokeMiterlimit": "10",
          "strokeWidth": 11.906976744186046
        },
        {
          "fill": "none",
          "stroke": "rgb(63, 169, 245)",
          "strokeLinejoin": "miter",
          "strokeLinecap": "butt",
          "strokeMiterlimit": "10",
          "strokeWidth": 11.906976744186046
        },
        {
          "fill": "rgb(63, 169, 245)"
        }
      ],
      "properties": {
        "order": 23,
        "id": 18,
        "name": "activity1",
        "prevSize": 32
      },
      "setIdx": 0,
      "setId": 3,
      "iconIdx": 0
    },
    {
      "icon": {
        "paths": [
          "M837.775 132.739c-87.516-75.24-201.287-120.832-325.775-120.832-276.194 0-500.093 223.899-500.093 500.093 0 124.487 45.58 238.247 120.832 325.775",
          "M183.046 888.511c87.945 76.883 202.954 123.583 328.954 123.583 276.194 0 500.093-223.899 500.093-500.093 0-125.988-46.699-241.009-123.583-328.942",
          "M523.907 452.465h142.646l104.341-92.577-104.579-86.028h-142.407v-35.721h-23.814v35.721h-202.419v178.605h202.419v59.535h-120.737l-104.353 92.339 104.591 86.266h120.499v83.349h-119.070v23.814h273.86v-23.814h-130.977v-83.349h214.326v-178.605h-214.326v-59.535zM321.488 297.674h336.277l76.479 62.893-76.729 68.084h-336.015v-130.977zM714.419 535.814v130.977h-326.251l-76.502-63.095 76.717-67.882h326.037z"
        ],
        "attrs": [
          {
            "fill": "none",
            "stroke": "rgb(112, 207, 41)",
            "strokeLinejoin": "miter",
            "strokeLinecap": "butt",
            "strokeMiterlimit": "10",
            "strokeWidth": 11.906976744186046
          },
          {
            "fill": "none",
            "stroke": "rgb(63, 169, 245)",
            "strokeLinejoin": "miter",
            "strokeLinecap": "butt",
            "strokeMiterlimit": "10",
            "strokeWidth": 11.906976744186046
          },
          {
            "fill": "rgb(63, 169, 245)"
          }
        ],
        "isMulticolor": false,
        "isMulticolor2": true,
        "grid": 0,
        "tags": [
          "activity2"
        ],
        "colorPermutations": {
          "1122074112552552551631692451972171": [
            {
              "s": 1
            },
            {
              "s": 2
            },
            {
              "f": 2
            }
          ]
        }
      },
      "attrs": [
        {
          "fill": "none",
          "stroke": "rgb(112, 207, 41)",
          "strokeLinejoin": "miter",
          "strokeLinecap": "butt",
          "strokeMiterlimit": "10",
          "strokeWidth": 11.906976744186046
        },
        {
          "fill": "none",
          "stroke": "rgb(63, 169, 245)",
          "strokeLinejoin": "miter",
          "strokeLinecap": "butt",
          "strokeMiterlimit": "10",
          "strokeWidth": 11.906976744186046
        },
        {
          "fill": "rgb(63, 169, 245)"
        }
      ],
      "properties": {
        "order": 24,
        "id": 17,
        "name": "activity2",
        "prevSize": 32
      },
      "setIdx": 0,
      "setId": 3,
      "iconIdx": 1
    },
    {
      "icon": {
        "paths": [
          "M837.775 132.739c-87.516-75.24-201.287-120.832-325.775-120.832-276.194 0-500.093 223.899-500.093 500.093 0 124.487 45.58 238.247 120.832 325.775",
          "M183.046 888.511c87.945 76.883 202.954 123.583 328.954 123.583 276.194 0 500.093-223.899 500.093-500.093 0-125.988-46.699-241.009-123.583-328.942",
          "M743.841 285.767h-451.763c-28.732 0-53.927 27.493-53.927 58.832v294.174c0 29.065 23.683 51.831 53.927 51.831h29.41v122.428l132.822-122.428h289.518c30.244 0 53.927-22.766 53.927-51.831v-294.174c0.012-31.339-25.183-58.832-53.915-58.832zM773.953 638.774c0 15.967-12.943 28.017-30.113 28.017h-298.829l-99.709 91.898v-91.898h-53.236c-17.17 0-30.113-12.050-30.113-28.017v-294.174c0-17.67 14.919-35.018 30.113-35.018h451.763c15.193 0 30.113 17.348 30.113 35.018v294.174h0.012z",
          "M510.809 361.698c-71.323 0-129.369 57.832-129.369 128.917s58.047 128.905 129.369 128.905c71.323 0 129.345-57.832 129.345-128.917s-58.011-128.905-129.345-128.905zM615.245 476.279h-49.426c-1.453-31.72-7.597-62.428-18.182-84.063 35.721 13.324 62.285 45.33 67.632 84.063zM510.821 593.956c-10.049 0-29.148-33.089-31.339-93.863h62.631c-2.179 60.797-21.29 93.863-31.303 93.863zM479.613 476.279c2.739-58.725 21.337-90.588 31.196-90.588 9.823 0 28.458 31.887 31.161 90.588h-62.357zM474.017 392.216c-10.597 21.623-16.753 52.331-18.218 84.063h-49.414c5.322-38.733 31.911-70.739 67.644-84.063zM405.718 500.093h49.938c1.203 33.875 7.763 66.858 19.373 89.29-37.745-13.622-65.572-47.997-69.299-89.29zM546.554 589.383c11.597-22.409 18.146-55.403 19.361-89.29h49.938c-3.727 41.293-31.53 75.681-69.299 89.29z"
        ],
        "attrs": [
          {
            "fill": "none",
            "stroke": "rgb(112, 207, 41)",
            "strokeLinejoin": "miter",
            "strokeLinecap": "butt",
            "strokeMiterlimit": "10",
            "strokeWidth": 11.906976744186046
          },
          {
            "fill": "none",
            "stroke": "rgb(63, 169, 245)",
            "strokeLinejoin": "miter",
            "strokeLinecap": "butt",
            "strokeMiterlimit": "10",
            "strokeWidth": 11.906976744186046
          },
          {
            "fill": "rgb(63, 169, 245)"
          },
          {
            "fill": "rgb(63, 169, 245)"
          }
        ],
        "isMulticolor": false,
        "isMulticolor2": true,
        "grid": 0,
        "tags": [
          "activity3"
        ],
        "colorPermutations": {
          "1122074112552552551631692451972171": [
            {
              "s": 1
            },
            {
              "s": 2
            },
            {
              "f": 2
            },
            {
              "f": 2
            }
          ]
        }
      },
      "attrs": [
        {
          "fill": "none",
          "stroke": "rgb(112, 207, 41)",
          "strokeLinejoin": "miter",
          "strokeLinecap": "butt",
          "strokeMiterlimit": "10",
          "strokeWidth": 11.906976744186046
        },
        {
          "fill": "none",
          "stroke": "rgb(63, 169, 245)",
          "strokeLinejoin": "miter",
          "strokeLinecap": "butt",
          "strokeMiterlimit": "10",
          "strokeWidth": 11.906976744186046
        },
        {
          "fill": "rgb(63, 169, 245)"
        },
        {
          "fill": "rgb(63, 169, 245)"
        }
      ],
      "properties": {
        "order": 25,
        "id": 16,
        "name": "activity3",
        "prevSize": 32
      },
      "setIdx": 0,
      "setId": 3,
      "iconIdx": 2
    },
    {
      "icon": {
        "paths": [
          "M837.775 132.739c-87.516-75.24-201.287-120.832-325.775-120.832-276.206 0-500.093 223.899-500.093 500.093 0 124.487 45.58 238.247 120.832 325.775",
          "M183.046 888.511c87.945 76.883 202.954 123.583 328.954 123.583 276.194 0 500.093-223.899 500.093-500.093 0-125.988-46.699-241.009-123.583-328.942",
          "M778.883 488.186l-59.535-59.535h-35.721l-59.535-59.535h-195.441v-130.977h-71.442v130.977h-71.442v59.535h-35.721v59.535h-63.548l66.56 226.233h505.058l93.148-226.233h-72.383zM381.023 261.953h23.814v107.163h-23.814v-107.163zM309.581 392.93h304.652l35.721 35.721h-340.373v-35.721zM273.86 452.465h435.629l35.721 35.721h-471.35v-35.721zM742.162 690.605h-471.302l-52.522-178.605h597.373l-73.549 178.605z",
          "M357.209 553.674c-26.267 0-47.628 21.361-47.628 47.628s21.361 47.628 47.628 47.628 47.628-21.361 47.628-47.628-21.361-47.628-47.628-47.628zM357.209 625.116c-13.133 0-23.814-10.681-23.814-23.814s10.681-23.814 23.814-23.814 23.814 10.681 23.814 23.814-10.681 23.814-23.814 23.814zM512 553.674c-26.267 0-47.628 21.361-47.628 47.628s21.361 47.628 47.628 47.628 47.628-21.361 47.628-47.628-21.361-47.628-47.628-47.628zM512 625.116c-13.133 0-23.814-10.681-23.814-23.814s10.681-23.814 23.814-23.814 23.814 10.681 23.814 23.814-10.681 23.814-23.814 23.814zM666.791 553.674c-26.267 0-47.628 21.361-47.628 47.628s21.361 47.628 47.628 47.628 47.628-21.361 47.628-47.628-21.361-47.628-47.628-47.628zM666.791 625.116c-13.133 0-23.814-10.681-23.814-23.814s10.681-23.814 23.814-23.814 23.814 10.681 23.814 23.814-10.681 23.814-23.814 23.814z"
        ],
        "attrs": [
          {
            "fill": "none",
            "stroke": "rgb(112, 207, 41)",
            "strokeLinejoin": "miter",
            "strokeLinecap": "butt",
            "strokeMiterlimit": "10",
            "strokeWidth": 11.906976744186046
          },
          {
            "fill": "none",
            "stroke": "rgb(63, 169, 245)",
            "strokeLinejoin": "miter",
            "strokeLinecap": "butt",
            "strokeMiterlimit": "10",
            "strokeWidth": 11.906976744186046
          },
          {
            "fill": "rgb(63, 169, 245)"
          },
          {
            "fill": "rgb(63, 169, 245)"
          }
        ],
        "isMulticolor": false,
        "isMulticolor2": true,
        "grid": 0,
        "tags": [
          "activity4"
        ],
        "colorPermutations": {
          "1122074112552552551631692451972171": [
            {
              "s": 1
            },
            {
              "s": 2
            },
            {
              "f": 2
            },
            {
              "f": 2
            }
          ]
        }
      },
      "attrs": [
        {
          "fill": "none",
          "stroke": "rgb(112, 207, 41)",
          "strokeLinejoin": "miter",
          "strokeLinecap": "butt",
          "strokeMiterlimit": "10",
          "strokeWidth": 11.906976744186046
        },
        {
          "fill": "none",
          "stroke": "rgb(63, 169, 245)",
          "strokeLinejoin": "miter",
          "strokeLinecap": "butt",
          "strokeMiterlimit": "10",
          "strokeWidth": 11.906976744186046
        },
        {
          "fill": "rgb(63, 169, 245)"
        },
        {
          "fill": "rgb(63, 169, 245)"
        }
      ],
      "properties": {
        "order": 26,
        "id": 15,
        "name": "activity4",
        "prevSize": 32
      },
      "setIdx": 0,
      "setId": 3,
      "iconIdx": 3
    },
    {
      "icon": {
        "paths": [
          "M837.775 132.739c-87.516-75.252-201.287-120.832-325.775-120.832-276.194 0-500.093 223.911-500.093 500.093 0 124.487 45.58 238.259 120.832 325.775",
          "M183.046 888.511c87.945 76.883 202.954 123.594 328.954 123.594 276.194 0 500.093-223.923 500.093-500.093 0-126-46.699-241.021-123.583-328.966",
          "M628.557 515.132c12.645 9.692 26.981 20.682 50.14 20.682 20.528 0 34.828-10.514 47.449-19.789 11.633-8.549 21.683-15.932 35.9-15.932 13.895 0 23.457 7.18 34.53 15.479 12.657 9.49 26.993 20.242 48.819 20.242v-23.814c-13.895 0-23.457-7.18-34.53-15.479-12.657-9.49-26.993-20.242-48.819-20.242-22.028 0-36.888 10.919-49.997 20.563-11.073 8.132-20.635 15.158-33.351 15.158-15.086 0-24.612-7.299-35.661-15.765-9.788-7.501-20.706-15.705-35.78-18.706v-73.895c27.348-5.762 47.588-29.672 47.628-58.316l0-0.004c0-32.828-26.707-59.535-59.535-59.535s-59.535 26.707-59.535 59.535c0.040 28.649 20.28 52.559 47.239 58.252l0.389 0.069v73.895c-15.384 3.012-26.731 11.359-36.912 19.004-11.073 8.299-20.635 15.479-34.53 15.479s-23.457-7.18-34.53-15.479c-12.657-9.49-26.993-20.242-48.819-20.242s-36.185 10.752-48.831 20.242c-11.073 8.299-20.659 15.479-34.542 15.479-13.979 0-23.707-7.228-34.935-15.61-12.657-9.43-27.041-20.111-48.521-20.111-22.278 0-36.757 10.883-49.414 20.492-10.776 8.156-21.897 15.217-33.804 15.217v23.814c23.814 0 35.792-10.669 48.199-20.087 11.062-8.394 20.885-15.634 35.149-15.634 13.574 0 23.135 7.144 34.221 15.396 12.764 9.526 27.255 20.325 49.128 20.325 21.825 0 36.173-10.752 48.819-20.242 11.073-8.299 20.635-15.479 34.53-15.479s23.457 7.18 34.53 15.479c12.657 9.49 26.993 20.242 48.819 20.242s36.173-10.752 48.819-20.242c7.597-5.703 14.562-10.669 22.623-13.36v58.666c-15.384 3.012-26.731 11.359-36.912 19.004-11.073 8.299-20.635 15.479-34.53 15.479s-23.457-7.18-34.53-15.479c-12.657-9.49-26.993-20.242-48.819-20.242s-36.185 10.752-48.831 20.242c-11.073 8.299-20.659 15.479-34.542 15.479-13.979 0-23.707-7.228-34.935-15.61-12.657-9.43-27.041-20.111-48.521-20.111-22.278 0-36.757 10.883-49.414 20.492-10.776 8.156-21.897 15.217-33.804 15.217v23.814c23.814 0 35.792-10.669 48.199-20.087 11.062-8.394 20.885-15.634 35.149-15.634 13.574 0 23.135 7.144 34.221 15.396 12.764 9.526 27.255 20.325 49.128 20.325 21.825 0 36.173-10.752 48.819-20.242 11.073-8.299 20.635-15.479 34.53-15.479s23.457 7.18 34.53 15.479c12.657 9.49 26.993 20.242 48.819 20.242s36.173-10.752 48.819-20.242c7.597-5.703 14.562-10.669 22.623-13.36v152.671c0 45.949-37.388 83.349-83.349 83.349s-83.349-37.4-83.349-83.349v-30.791l51.117 51.117 16.836-16.836-91.767-91.767v88.278c0 59.094 48.080 107.163 107.163 107.163s107.163-48.068 107.163-107.163v-152.636c7.489 2.572 13.919 7.228 21.302 12.883 12.645 9.692 26.981 20.682 50.14 20.682 20.528 0 34.828-10.514 47.449-19.789 11.633-8.549 21.683-15.932 35.9-15.932 13.895 0 23.457 7.18 34.53 15.479 12.657 9.49 26.993 20.242 48.819 20.242v-23.814c-13.895 0-23.457-7.18-34.53-15.479-12.657-9.49-26.993-20.242-48.819-20.242-22.028 0-36.888 10.919-49.997 20.563-11.073 8.132-20.635 15.158-33.351 15.158-15.086 0-24.612-7.299-35.661-15.765-9.788-7.501-20.706-15.705-35.78-18.706v-58.63c7.489 2.56 13.919 7.228 21.302 12.883zM559.628 345.302c0-19.694 16.027-35.721 35.721-35.721s35.721 16.027 35.721 35.721-16.027 35.721-35.721 35.721-35.721-16.027-35.721-35.721zM607.256 190.512h-23.814v95.256h23.814v-95.256z"
        ],
        "attrs": [
          {
            "fill": "none",
            "stroke": "rgb(112, 207, 41)",
            "strokeLinejoin": "miter",
            "strokeLinecap": "butt",
            "strokeMiterlimit": "10",
            "strokeWidth": 11.906976744186046
          },
          {
            "fill": "none",
            "stroke": "rgb(63, 169, 245)",
            "strokeLinejoin": "miter",
            "strokeLinecap": "butt",
            "strokeMiterlimit": "10",
            "strokeWidth": 11.906976744186046
          },
          {
            "fill": "rgb(63, 169, 245)"
          }
        ],
        "isMulticolor": false,
        "isMulticolor2": true,
        "grid": 0,
        "tags": [
          "activity5"
        ],
        "colorPermutations": {
          "1122074112552552551631692451972171": [
            {
              "s": 1
            },
            {
              "s": 2
            },
            {
              "f": 2
            }
          ]
        }
      },
      "attrs": [
        {
          "fill": "none",
          "stroke": "rgb(112, 207, 41)",
          "strokeLinejoin": "miter",
          "strokeLinecap": "butt",
          "strokeMiterlimit": "10",
          "strokeWidth": 11.906976744186046
        },
        {
          "fill": "none",
          "stroke": "rgb(63, 169, 245)",
          "strokeLinejoin": "miter",
          "strokeLinecap": "butt",
          "strokeMiterlimit": "10",
          "strokeWidth": 11.906976744186046
        },
        {
          "fill": "rgb(63, 169, 245)"
        }
      ],
      "properties": {
        "order": 27,
        "id": 14,
        "name": "activity5",
        "prevSize": 32
      },
      "setIdx": 0,
      "setId": 3,
      "iconIdx": 4
    },
    {
      "icon": {
        "paths": [
          "M837.775 132.739c-87.516-75.252-201.287-120.832-325.775-120.832-276.194 0-500.093 223.911-500.093 500.093 0 124.487 45.58 238.259 120.832 325.775",
          "M183.046 888.511c87.945 76.883 202.954 123.594 328.954 123.594 276.194 0 500.093-223.923 500.093-500.093 0-126-46.699-241.021-123.583-328.966",
          "M762.047 321.488c0-45.949-37.388-83.349-83.349-83.349h-345.302c-45.961 0-83.349 37.4-83.349 83.349v404.837h71.442v47.628h23.814v-47.628h321.488v47.628h23.814v-47.628h71.442v-404.837zM576.417 523.907c-5.703-33.732-35.030-59.535-70.37-59.535s-64.667 25.802-70.37 59.535h-161.816v-190.512h464.372v190.512h-161.816zM551.984 523.907h-91.874c5.322-20.492 23.814-35.721 45.937-35.721s40.615 15.229 45.937 35.721zM333.395 261.953h345.302c28.65 0.043 52.561 20.281 58.263 47.238l0.069 0.389h-461.967c5.771-27.347 29.682-47.585 58.328-47.628l0.005-0zM273.86 702.512v-154.791h464.372v154.791h-464.372z",
          "M363.163 571.535c-29.579 0.034-53.548 24.003-53.581 53.578l-0 0.003c0 29.541 24.040 53.581 53.581 53.581s53.581-24.040 53.581-53.581-24.040-53.581-53.581-53.581zM363.163 654.884c-16.432-0.020-29.747-13.335-29.767-29.765l-0-0.002c0-16.42 13.36-29.767 29.767-29.767s29.767 13.348 29.767 29.767-13.36 29.767-29.767 29.767zM648.93 571.535c-29.579 0.034-53.548 24.003-53.581 53.578l-0 0.003c0 29.541 24.040 53.581 53.581 53.581s53.581-24.040 53.581-53.581-24.040-53.581-53.581-53.581zM648.93 654.884c-16.432-0.020-29.747-13.335-29.767-29.765l-0-0.002c0-16.42 13.36-29.767 29.767-29.767s29.767 13.348 29.767 29.767-13.36 29.767-29.767 29.767z"
        ],
        "attrs": [
          {
            "fill": "none",
            "stroke": "rgb(112, 207, 41)",
            "strokeLinejoin": "miter",
            "strokeLinecap": "butt",
            "strokeMiterlimit": "10",
            "strokeWidth": 11.906976744186046
          },
          {
            "fill": "none",
            "stroke": "rgb(63, 169, 245)",
            "strokeLinejoin": "miter",
            "strokeLinecap": "butt",
            "strokeMiterlimit": "10",
            "strokeWidth": 11.906976744186046
          },
          {
            "fill": "rgb(63, 169, 245)"
          },
          {
            "fill": "rgb(63, 169, 245)"
          }
        ],
        "isMulticolor": false,
        "isMulticolor2": true,
        "grid": 0,
        "tags": [
          "activity6"
        ],
        "colorPermutations": {
          "1122074112552552551631692451972171": [
            {
              "s": 1
            },
            {
              "s": 2
            },
            {
              "f": 2
            },
            {
              "f": 2
            }
          ]
        }
      },
      "attrs": [
        {
          "fill": "none",
          "stroke": "rgb(112, 207, 41)",
          "strokeLinejoin": "miter",
          "strokeLinecap": "butt",
          "strokeMiterlimit": "10",
          "strokeWidth": 11.906976744186046
        },
        {
          "fill": "none",
          "stroke": "rgb(63, 169, 245)",
          "strokeLinejoin": "miter",
          "strokeLinecap": "butt",
          "strokeMiterlimit": "10",
          "strokeWidth": 11.906976744186046
        },
        {
          "fill": "rgb(63, 169, 245)"
        },
        {
          "fill": "rgb(63, 169, 245)"
        }
      ],
      "properties": {
        "order": 28,
        "id": 13,
        "name": "activity6",
        "prevSize": 32
      },
      "setIdx": 0,
      "setId": 3,
      "iconIdx": 5
    },
    {
      "icon": {
        "paths": [
          "M837.775 132.739c-87.516-75.252-201.287-120.832-325.775-120.832-276.194 0-500.093 223.911-500.093 500.093 0 124.487 45.58 238.259 120.832 325.775",
          "M183.046 888.511c87.945 76.883 202.954 123.594 328.954 123.594 276.194 0 500.093-223.923 500.093-500.093 0-126-46.699-241.021-123.583-328.966",
          "M714.419 369.116h-107.163v-23.814c0-32.828-26.707-59.535-59.535-59.535h-71.442c-32.828 0-59.535 26.707-59.535 59.535v23.814h-107.163c-32.828 0-59.535 26.707-59.535 59.535v226.233c0 32.828 26.707 59.535 59.535 59.535h404.837c32.828 0 59.535-26.707 59.535-59.535v-226.233c0-32.828-26.707-59.535-59.535-59.535zM440.558 345.302c0-19.694 16.027-35.721 35.721-35.721h71.442c19.694 0 35.721 16.027 35.721 35.721v23.814h-142.884v-23.814zM750.14 654.884c0 19.694-16.027 35.721-35.721 35.721h-404.837c-19.694 0-35.721-16.027-35.721-35.721v-226.233c0-19.694 16.027-35.721 35.721-35.721h404.837c19.694 0 35.721 16.027 35.721 35.721v226.233z",
          "M416.744 559.628h-23.814v95.256h23.814v-95.256zM488.186 523.907h-23.814v130.977h23.814v-130.977zM559.628 488.186h-23.814v166.698h23.814v-166.698zM631.070 452.465h-23.814v202.419h23.814v-202.419z"
        ],
        "attrs": [
          {
            "fill": "none",
            "stroke": "rgb(112, 207, 41)",
            "strokeLinejoin": "miter",
            "strokeLinecap": "butt",
            "strokeMiterlimit": "10",
            "strokeWidth": 11.906976744186046
          },
          {
            "fill": "none",
            "stroke": "rgb(63, 169, 245)",
            "strokeLinejoin": "miter",
            "strokeLinecap": "butt",
            "strokeMiterlimit": "10",
            "strokeWidth": 11.906976744186046
          },
          {
            "fill": "rgb(63, 169, 245)"
          },
          {
            "fill": "rgb(63, 169, 245)"
          }
        ],
        "isMulticolor": false,
        "isMulticolor2": true,
        "grid": 0,
        "tags": [
          "activity7"
        ],
        "colorPermutations": {
          "1122074112552552551631692451972171": [
            {
              "s": 1
            },
            {
              "s": 2
            },
            {
              "f": 2
            },
            {
              "f": 2
            }
          ]
        }
      },
      "attrs": [
        {
          "fill": "none",
          "stroke": "rgb(112, 207, 41)",
          "strokeLinejoin": "miter",
          "strokeLinecap": "butt",
          "strokeMiterlimit": "10",
          "strokeWidth": 11.906976744186046
        },
        {
          "fill": "none",
          "stroke": "rgb(63, 169, 245)",
          "strokeLinejoin": "miter",
          "strokeLinecap": "butt",
          "strokeMiterlimit": "10",
          "strokeWidth": 11.906976744186046
        },
        {
          "fill": "rgb(63, 169, 245)"
        },
        {
          "fill": "rgb(63, 169, 245)"
        }
      ],
      "properties": {
        "order": 29,
        "id": 12,
        "name": "activity7",
        "prevSize": 32
      },
      "setIdx": 0,
      "setId": 3,
      "iconIdx": 6
    },
    {
      "icon": {
        "paths": [
          "M837.775 132.739c-87.516-75.252-201.287-120.832-325.775-120.832-276.206 0-500.093 223.911-500.093 500.093 0 124.487 45.58 238.259 120.832 325.775",
          "M183.046 888.511c87.945 76.883 202.954 123.594 328.954 123.594 276.194 0 500.093-223.923 500.093-500.093 0-126-46.699-241.021-123.583-328.966",
          "M474.815 465.265c60.845 0 110.33-49.485 110.33-110.318 0-60.845-49.485-110.306-110.33-110.306s-110.33 49.473-110.33 110.306c0 60.833 49.497 110.318 110.33 110.318zM474.815 268.467c47.699 0 86.516 38.805 86.516 86.492 0 47.699-38.817 86.504-86.516 86.504s-86.516-38.817-86.516-86.504 38.817-86.492 86.516-86.492zM512 690.605h-202.038c5.739-88.469 75.109-156.136 162.614-156.136 32.351 0 58.297 6.418 81.634 20.182l12.097-20.516c-27.16-16.027-56.939-23.492-93.732-23.492-104.758 0-186.809 84.278-186.809 191.857v11.907h226.233v-23.814zM806.448 786.075l-68.834-84.159c7.876-13.5 12.525-29.717 12.526-47.020l0-0c0-52.522-42.746-95.256-95.256-95.256-52.522 0-95.256 42.734-95.256 95.256 0 17.11 4.596 33.137 12.526 47.021l-68.834 84.159c-1.671 2.034-2.683 4.664-2.683 7.53 0 1.882 0.437 3.662 1.214 5.245l-0.031-0.070c1.884 4.008 5.888 6.733 10.528 6.733 0.129 0 0.258-0.002 0.385-0.006l-0.019 0 46.663-0.679 16.586 43.282c1.667 4.358 5.715 7.335 10.383 7.632l0.738 0.024c4.382 0 8.442-2.417 10.514-6.311l52.927-99.53c1.453 0.071 2.893 0.226 4.37 0.226s2.917-0.155 4.37-0.226l52.927 99.53c2.072 3.894 6.132 6.311 10.514 6.311l0.738-0.024c4.748-0.298 8.716-3.342 10.355-7.551l0.028-0.081 16.586-43.282 46.663 0.679c0.136 0.006 0.296 0.009 0.457 0.009 4.616 0 8.595-2.731 10.408-6.665l0.029-0.071c0.744-1.508 1.179-3.283 1.179-5.16 0-2.874-1.020-5.51-2.719-7.565l0.016 0.020zM588.836 815.187l-10.204-26.624c-1.786-4.679-5.763-7.894-11.288-7.656l-29.386 0.417 48.938-59.833c10.56 10.788 23.638 19.070 38.286 23.896l0.674 0.192-37.031 69.608zM583.442 654.884c0-39.4 32.030-71.442 71.442-71.442 39.4 0 71.442 32.042 71.442 71.442s-32.042 71.442-71.442 71.442c-39.412 0-71.442-32.042-71.442-71.442zM742.436 780.907c-0.059-0.001-0.128-0.002-0.198-0.002-5.040 0-9.345 3.144-11.063 7.577l-0.028 0.081-10.204 26.624-37.007-69.608c15.311-5.025 28.38-13.305 38.919-24.071l0.016-0.017 48.961 59.833-29.41-0.417z"
        ],
        "attrs": [
          {
            "fill": "none",
            "stroke": "rgb(112, 207, 41)",
            "strokeLinejoin": "miter",
            "strokeLinecap": "butt",
            "strokeMiterlimit": "10",
            "strokeWidth": 11.906976744186046
          },
          {
            "fill": "none",
            "stroke": "rgb(63, 169, 245)",
            "strokeLinejoin": "miter",
            "strokeLinecap": "butt",
            "strokeMiterlimit": "10",
            "strokeWidth": 11.906976744186046
          },
          {
            "fill": "rgb(63, 169, 245)"
          }
        ],
        "isMulticolor": false,
        "isMulticolor2": true,
        "grid": 0,
        "tags": [
          "activity8"
        ],
        "colorPermutations": {
          "1122074112552552551631692451972171": [
            {
              "s": 1
            },
            {
              "s": 2
            },
            {
              "f": 2
            }
          ]
        }
      },
      "attrs": [
        {
          "fill": "none",
          "stroke": "rgb(112, 207, 41)",
          "strokeLinejoin": "miter",
          "strokeLinecap": "butt",
          "strokeMiterlimit": "10",
          "strokeWidth": 11.906976744186046
        },
        {
          "fill": "none",
          "stroke": "rgb(63, 169, 245)",
          "strokeLinejoin": "miter",
          "strokeLinecap": "butt",
          "strokeMiterlimit": "10",
          "strokeWidth": 11.906976744186046
        },
        {
          "fill": "rgb(63, 169, 245)"
        }
      ],
      "properties": {
        "order": 30,
        "id": 11,
        "name": "activity8",
        "prevSize": 32
      },
      "setIdx": 0,
      "setId": 3,
      "iconIdx": 7
    },
    {
      "icon": {
        "paths": [
          "M512 0v948.547M161.684 625.179l350.316 344.926 350.316-344.926"
        ],
        "attrs": [
          {
            "fill": "none",
            "stroke": "rgb(255, 255, 255)",
            "strokeLinejoin": "miter",
            "strokeLinecap": "butt",
            "strokeMiterlimit": "10",
            "strokeWidth": 53.89473684210526
          }
        ],
        "isMulticolor": false,
        "isMulticolor2": false,
        "grid": 0,
        "tags": [
          "arrow-btn"
        ],
        "colorPermutations": {
          "1122074112552552551631692451972171": [
            {
              "s": 3
            }
          ]
        }
      },
      "attrs": [
        {
          "fill": "none",
          "stroke": "rgb(255, 255, 255)",
          "strokeLinejoin": "miter",
          "strokeLinecap": "butt",
          "strokeMiterlimit": "10",
          "strokeWidth": 53.89473684210526
        }
      ],
      "properties": {
        "order": 31,
        "id": 10,
        "name": "arrow-btn",
        "prevSize": 32
      },
      "setIdx": 0,
      "setId": 3,
      "iconIdx": 8
    },
    {
      "icon": {
        "paths": [
          "M768 950.857l-438.857-438.711 438.857-439.003"
        ],
        "attrs": [
          {
            "fill": "none",
            "stroke": "rgb(0, 97, 217)",
            "strokeLinejoin": "miter",
            "strokeLinecap": "butt",
            "strokeMiterlimit": "10",
            "strokeWidth": 146.28571428571428
          }
        ],
        "isMulticolor": false,
        "isMulticolor2": false,
        "grid": 0,
        "tags": [
          "arrow-left"
        ],
        "colorPermutations": {
          "1122074112552552551631692451972171": [
            {
              "s": 0
            }
          ]
        }
      },
      "attrs": [
        {
          "fill": "none",
          "stroke": "rgb(0, 97, 217)",
          "strokeLinejoin": "miter",
          "strokeLinecap": "butt",
          "strokeMiterlimit": "10",
          "strokeWidth": 146.28571428571428
        }
      ],
      "properties": {
        "order": 32,
        "id": 9,
        "name": "arrow-left",
        "prevSize": 32
      },
      "setIdx": 0,
      "setId": 3,
      "iconIdx": 9
    },
    {
      "icon": {
        "paths": [
          "M272.091 73.143l438.857 438.711-438.857 439.003"
        ],
        "attrs": [
          {
            "fill": "none",
            "stroke": "rgb(0, 97, 217)",
            "strokeLinejoin": "miter",
            "strokeLinecap": "butt",
            "strokeMiterlimit": "10",
            "strokeWidth": 146.28571428571428
          }
        ],
        "isMulticolor": false,
        "isMulticolor2": false,
        "grid": 0,
        "tags": [
          "arrow-right"
        ],
        "colorPermutations": {
          "1122074112552552551631692451972171": [
            {
              "s": 0
            }
          ]
        }
      },
      "attrs": [
        {
          "fill": "none",
          "stroke": "rgb(0, 97, 217)",
          "strokeLinejoin": "miter",
          "strokeLinecap": "butt",
          "strokeMiterlimit": "10",
          "strokeWidth": 146.28571428571428
        }
      ],
      "properties": {
        "order": 33,
        "id": 8,
        "name": "arrow-right",
        "prevSize": 32
      },
      "setIdx": 0,
      "setId": 3,
      "iconIdx": 10
    },
    {
      "icon": {
        "paths": [
          "M901.622 723.292h19.205v-64.145l58.832 57.479c1.282 1.011 2.874 2.197 4.493 3.347l0.395 0.266c1.372 0.927 2.724 1.758 4.135 2.512 1.118 0.58 2.415 1.053 3.777 1.352l0.106 0.020c1.391 0.29 2.802 0.425 4.193 0.425 2.859 0 5.738-0.483 8.424-1.758 2.435-1.21 4.491-2.827 6.16-4.784l0.022-0.027c1.778-2.106 3.014-4.56 3.903-7.129 0.889-2.859 1.333-5.854 1.333-8.772v-60.242h-19.243v63.971l-58.948-58.001c-4.579-4.482-10.182-7.883-16.79-7.883-2.695 0.014-5.25 0.596-7.557 1.632l0.118-0.047c-2.469 1.143-4.595 2.539-6.483 4.199l0.030-0.026c-1.78 1.705-3.261 3.705-4.368 5.923l-0.056 0.124c-1.072 2.103-1.7 4.587-1.7 7.218 0 0.016 0 0.033 0 0.049l-0-0.003 0.019 64.299zM613.434 586.385h67.41v-120.909l222.401 111.288c23.996 11.921 60.339 14.761 83.698 0 22.837-14.375 29.657-39.279 29.657-64.898v-209.959h-787.475c-13.293 0-26.354 2.029-38.989 5.97-13.057 4.084-24.408 10.012-34.441 17.593l0.282-0.204c-10.047 7.554-18.162 16.828-24.383 27.609-6.53 11.303-9.332 23.745-9.332 36.671 0 12.404 2.55 24.209 8.018 35.299 5.455 10.973 12.677 20.257 21.399 27.867l0.105 0.090c8.744 7.678 19.020 13.87 30.278 18.040l0.674 0.219c10.728 4.16 23.144 6.569 36.122 6.569 0.105 0 0.209-0 0.314-0l-0.016 0h278.335v42.081h-422.081v-220.237h-75.409v286.952l470.943-0.039c12.269 0 24.209-2.222 35.763-6.53 11.763-4.48 21.9-10.603 30.715-18.214l-0.131 0.11c8.689-7.567 15.82-16.666 21.020-26.911l0.233-0.505c5.047-9.894 8.004-21.579 8.004-33.955 0-0.309-0.002-0.618-0.006-0.927l0 0.047c0-12.191-2.454-23.765-7.477-34.835-5.061-11.138-11.894-20.612-20.244-28.496l-0.043-0.040c-8.59-8.057-18.744-14.568-29.941-19.018l-0.644-0.226c-11.020-4.489-23.805-7.095-37.199-7.095-0.324 0-0.647 0.002-0.97 0.005l0.049-0h-274.335v-42.95h753.084v155.049l-224.778-111.944c-52.108-25.928-110.611-16.597-110.611 52.011v124.426zM96.72 704.686h-76.839v-44.109h76.839v44.109zM0.386 723.292h88.392c3.613 0 7.11-0.599 10.549-1.874 3.246-1.217 6.26-2.956 8.868-5.255 2.57-2.261 4.598-4.946 6.144-8.037 1.546-3.169 2.261-6.608 2.261-10.124v-31.164c0-3.594-0.676-7.033-2.222-10.317-1.523-3.112-3.556-5.744-6.018-7.897l-0.029-0.025c-2.445-2.209-5.343-3.969-8.533-5.121l-0.18-0.057c-3.095-1.223-6.68-1.932-10.43-1.932-0.035 0-0.070 0-0.105 0l0.005-0h-88.721l0.019 81.804zM312.9 723.659v-20.21h-96.314v-11.187h96.314v-19.611h-96.314v-11.902h96.314v-19.514h-86.885c-3.826 0-7.709 0.56-11.341 1.778-3.323 1.179-6.376 2.821-9.061 5.101-5.1 4.401-8.308 10.874-8.308 18.095 0 0.336 0.007 0.67 0.021 1.002l-0.002-0.048v30.43c0 3.652 0.676 7.265 2.261 10.51 1.623 3.111 3.69 5.893 6.337 8.211 2.647 2.357 5.738 4.096 9.139 5.39 3.439 1.217 7.013 1.951 10.723 1.951h87.117zM514.608 660.673v-18.49h-90.576c-3.71 0-7.477 0.56-11.090 1.739-3.478 1.063-6.801 2.686-9.738 4.907-2.81 2.137-5.129 4.758-6.869 7.758l-0.067 0.125c-1.667 2.914-2.65 6.405-2.65 10.126 0 0.115 0.001 0.23 0.003 0.344l-0-0.017c0 3.478 0.715 6.898 2.299 10.047 1.468 3.014 3.536 5.777 6.105 7.922 2.608 2.338 5.545 4.038 8.791 5.236 3.362 1.237 6.859 1.893 10.414 1.893h79.428v12.075h-101.743v18.934h94.111c3.516 0 6.898-0.599 10.143-1.855 3.246-1.217 6.183-2.917 8.733-5.178 2.589-2.183 4.54-4.83 6.067-7.786 1.427-2.794 2.264-6.094 2.264-9.59 0-0.127-0.001-0.253-0.003-0.379l0 0.019c0.001-0.069 0.001-0.15 0.001-0.231 0-3.519-0.784-6.854-2.186-9.841l0.060 0.142c-1.433-3.185-3.366-5.898-5.729-8.164l-0.009-0.009c-2.473-2.247-5.375-4.075-8.561-5.343l-0.192-0.067c-3.098-1.285-6.696-2.031-10.469-2.031-0.13 0-0.26 0.001-0.39 0.003l0.020-0h-78.346v-12.307l100.178 0.019zM622.476 641.468h-21.485v82.5h21.485v-82.5zM763.402 672.304v19.63h37.733v11.534h-78.829v-42.892h98.613v-19.089h-88.141c-7.535 0-15.766 1.275-21.968 5.951-5.352 4.096-7.69 9.68-7.69 16.326v33.522c0 3.826 0.715 7.612 2.454 11.032 1.7 3.13 3.903 5.777 6.704 7.979 2.879 2.222 6.125 3.864 9.564 4.927 3.632 1.179 7.438 1.739 11.283 1.739h56.494c3.883 0 7.69-0.464 11.515-1.507 3.555-0.947 6.859-2.454 9.931-4.598 2.864-2.067 5.205-4.674 6.913-7.687l0.062-0.119c1.646-3.058 2.613-6.691 2.613-10.551 0-0.169-0.002-0.338-0.006-0.506l0 0.025v-25.677l-57.247-0.039z"
        ],
        "attrs": [
          {
            "fill": "rgb(255, 255, 255)"
          }
        ],
        "isMulticolor": false,
        "isMulticolor2": false,
        "grid": 0,
        "tags": [
          "design"
        ],
        "colorPermutations": {
          "1122074112552552551631692451972171": [
            {
              "f": 3
            }
          ]
        }
      },
      "attrs": [
        {
          "fill": "rgb(255, 255, 255)"
        }
      ],
      "properties": {
        "order": 34,
        "id": 7,
        "name": "design",
        "prevSize": 32
      },
      "setIdx": 0,
      "setId": 3,
      "iconIdx": 11
    },
    {
      "icon": {
        "paths": [
          "M512 0c-282.837 0-512 229.248-512 512 0 282.837 229.163 512 512 512 282.709 0 512-229.163 512-512 0-282.752-229.291-512-512-512zM818.219 299.861l0.725 0.128-285.739 285.781c-4.654 4.415-10.958 7.13-17.896 7.13-6.982 0-13.321-2.749-17.996-7.224l0.010 0.009-285.867-285.824h606.763zM191.531 319.019c0-0.213 0.128-0.341 0.128-0.341l194.176 194.091-194.304 194.304v-388.053zM210.645 729.515c-0.853 0-1.664-0.427-2.517-0.555l196.949-196.907 72.917 72.917c9.856 9.941 23.168 15.36 37.291 15.36 13.995 0 27.307-5.419 37.163-15.36l70.528-70.571 195.072 195.115h-607.403zM837.376 710.229l-195.072-195.072 195.072-195.072v390.144z"
        ],
        "attrs": [
          {}
        ],
        "isMulticolor": false,
        "isMulticolor2": false,
        "grid": 0,
        "tags": [
          "envelope"
        ],
        "colorPermutations": {
          "1122074112552552551631692451972171": [
            {}
          ]
        }
      },
      "attrs": [
        {}
      ],
      "properties": {
        "order": 35,
        "id": 6,
        "name": "envelope",
        "prevSize": 32
      },
      "setIdx": 0,
      "setId": 3,
      "iconIdx": 12
    },
    {
      "icon": {
        "paths": [
          "M614.4 0h-409.6c-56.32 0-101.888 46.080-101.888 102.4l-0.512 819.2c0 56.32 45.619 102.4 101.888 102.4h614.912c56.32 0 102.4-46.080 102.4-102.4v-614.4l-307.2-307.2zM716.8 819.2h-409.6v-102.4h409.6v102.4zM716.8 614.4h-409.6v-102.4h409.6v102.4zM563.2 358.4v-281.6l281.6 281.6h-281.6z"
        ],
        "attrs": [
          {
            "fill": "rgb(255, 255, 255)"
          }
        ],
        "isMulticolor": false,
        "isMulticolor2": false,
        "grid": 0,
        "tags": [
          "file"
        ],
        "colorPermutations": {
          "1122074112552552551631692451972171": [
            {
              "f": 3
            }
          ]
        }
      },
      "attrs": [
        {
          "fill": "rgb(255, 255, 255)"
        }
      ],
      "properties": {
        "order": 36,
        "id": 5,
        "name": "file",
        "prevSize": 32
      },
      "setIdx": 0,
      "setId": 3,
      "iconIdx": 13
    },
    {
      "icon": {
        "paths": [
          "M512 0c-282.837 0-512 229.248-512 512 0 282.837 229.163 512 512 512 282.709 0 512-229.163 512-512 0-282.752-229.291-512-512-512zM818.219 299.861l0.725 0.128-285.739 285.781c-4.654 4.415-10.958 7.13-17.896 7.13-6.982 0-13.321-2.749-17.996-7.224l0.010 0.009-285.867-285.824h606.763zM191.531 319.019c0-0.213 0.128-0.341 0.128-0.341l194.176 194.091-194.304 194.304v-388.053zM210.645 729.515c-0.853 0-1.664-0.427-2.517-0.555l196.949-196.907 72.917 72.917c9.856 9.941 23.168 15.36 37.291 15.36 13.995 0 27.307-5.419 37.163-15.36l70.528-70.571 195.072 195.115h-607.403zM837.376 710.229l-195.072-195.072 195.072-195.072v390.144z"
        ],
        "attrs": [
          {
            "fill": "rgb(255, 255, 255)"
          }
        ],
        "isMulticolor": false,
        "isMulticolor2": false,
        "grid": 0,
        "tags": [
          "letter"
        ],
        "colorPermutations": {
          "1122074112552552551631692451972171": [
            {
              "f": 3
            }
          ]
        }
      },
      "attrs": [
        {
          "fill": "rgb(255, 255, 255)"
        }
      ],
      "properties": {
        "order": 37,
        "id": 4,
        "name": "letter",
        "prevSize": 32
      },
      "setIdx": 0,
      "setId": 3,
      "iconIdx": 14
    },
    {
      "icon": {
        "paths": [
          "M476.065 577.308c9.235 1.801 10.904-2.731 12.402-5.935 1.479-3.224 5.916-8.154 12.364-11.188 6.466-3.091 15.151-8.268 18.527-11.359 3.413-3.091 7.073-6.94 14.848-7.244 7.775-0.322 11.643-4.115 14.071-9.121 2.503-5.006 0.759-15.512 2.465-19.247 1.707-3.679 6.011-10.24 8.533-16.005 2.579-5.765 0.36-5.291-3.451-3.622-3.793 1.631-7.13 2.958-8.609 8.078-1.517 5.12-2.863 6.315-7.661 9.823-4.836 3.47-8.344 5.954-13.483 7.623-5.215 1.65-15.322 4.817-21.030 7.585-5.31 2.598-10.923 5.689-17.067 9.368l-39.234 39.215c7.32-0.759 19.077 0.417 27.307 2.029z",
          "M901.86 180.262c-1.896 1.536-3.281 2.958-3.603 3.963-1.005 3.546-1.536 19.001-5.158 25.638-3.527 6.637-4.741 19.342-4.798 21.732-0.010 3.837-1.036 7.431-2.823 10.532l0.055-0.103c-2.332 3.887-7.13 9.557-5.404 12.421 1.726 2.882 8.628 8.040 4.987 11.757-3.641 3.698-12.497 9.083-9.937 14.564 2.655 5.499 6.77 15.569 6.58 19.684s-2.693 8.116-0.114 10.866c1.875 2.049 3.024 4.789 3.024 7.798 0 2.451-0.762 4.724-2.063 6.595l0.025-0.038c-3.774 6.011-22.225 31.972-33.564 41.453-11.302 9.519-21.751 20.196-24.974 26.359-3.224 6.125-3.603 10.809-5.215 12.971-1.612 2.143-6.277 5.442-9.652 8.666-3.319 3.224-0.702 5.177 1.024 8.040 1.745 2.882 0.303 7.415-2.465 10.202-2.75 2.788-10.145 6.77-5.537 9.766 4.551 3.015 5.727 8.154 3.546 10.487-2.162 2.332-6.959 8.647-7.263 10.999-0.341 2.332-10.999 2.408-16.1-1.062-5.044-3.451-13.388-8.951-11.586-10.676 1.801-1.707 6.542-4.229 10.809-9.557 4.324-5.348 3.793-12.933 6.22-13.786 2.541-0.815 3.167-5.499-1.138-8.457-4.38-2.977-5.935-5.954-1.707-10.904 4.248-4.93 9.159-14.526 1.801-18.697-7.339-4.172-15.531-2.143-24.993 0.891-9.5 3.053-7.889 5.253-20.082 16.593-12.25 11.34-7.187 17.579-14.639 25.657-7.415 8.059-6.789 12.098-14.222 20.158-7.396 8.078-18.679 15.208-22.3 21.428s0.531 7.585 8.325 2.731c7.794-4.836 4.248-4.949 15.853-6.125 11.643-1.176 11.738 0.815 19.721-2.844 8.059-3.603 12.364-6.182 15.815-2.56 3.451 3.66 9.463 11.605 12.136 17.901 2.693 6.296 3.432 15.095 1.233 25.467-2.238 10.354-0.91 15.284-6.921 21.58-6.030 6.258-14.355 9.463-22.376 13.122-8.021 3.622-5.404 1.991-13.084 6.068-7.661 4.096-9.254 1.1-12.838-4.134-3.641-5.234-14.601-3.205-19.532 0.872-4.855 4.077-21.523 21.94-27.117 25.107-5.575 3.186-20.878 7.794-25.922 13.028-5.063 5.234-6.068 9.861-2.617 13.084 3.527 3.243 7.054 14.791-1.82 19.096-8.894 4.286-14.089 7.547-16.498 13.521-2.389 6.011-13.521 12.383-20.252 14.981-6.694 2.655-21.58 7.699-26.927 14.886-5.31 7.168-9.387 13.312-15.663 16.005-6.258 2.731-17.56 9.861-24.386 10.487-6.827 0.645-12.25-8.78-27.174-6.106-14.981 2.693-30.53 6.447-34.057 9.14-3.584 2.655-7.471 8.040-11.757 10.657-4.324 2.541-8.040 6.789-20.196 8.628-12.060 1.896-15.72 2.617-23.476 7.054-7.699 4.456-14.469 10.24-21.106 12.895-6.732 2.636-14.014 1.233-17.256 10.278-3.224 9.026-4.779 20.29-10.885 24.538-6.125 4.324-7.396 7.68-12.667 8.533-5.215 0.891-6.409-19.058-19.342-16.877-12.99 2.143-17.256 4.343-21.333 2.598-4.115-1.764-5.973-2.825-12.004-1.669-6.087 1.138-19.532-1.517-23.799 6.201-4.21 7.718-9.463 8.571-13.843 20.594-4.494 12.041-5.12 13.938 1.214 16.763 6.334 2.844 5.973 5.575 2.465 8.268-3.603 2.655-12.288 8.192-14.715 14.564-2.465 6.372-2.996 10.259-6.447 15.303-3.47 5.044-10.771 11.947-7.471 13.995 3.319 2.029 6.959 6.865 3.186 8.344-3.717 1.46-11.605 3.944-17.56 12.99-6.011 9.064-19.039 20.708-24.747 27.42-2.010 2.389-3.982 4.38-6.22 6.201 87.123 71.728 199.837 115.22 322.709 115.22 0.268 0 0.535-0 0.803-0.001l-0.042 0c282.776 0 512-229.224 512-512 0-0.182 0-0.397 0-0.612 0-126.711-46.217-242.627-122.714-331.81l0.573 0.685z",
          "M466.261 542.91c-5.689-0.796-10.619 3.66-12.857 5.727-2.276 2.048-3.679 0.683-8.192-0.74-4.551-1.403-9.216 3.489-10.505 7.244-1.308 3.774-7.964 3.243-10.468 1.327-2.484-1.934-9.178 0.702-13.122 3.356-3.906 2.598-7.452 6.447-11.567 10.638-4.153 4.172 4.892 8.192 7.889 11.378 2.844 2.996 7.452 1.517 10.24 0.341 2.807-1.214 8.533-2.769 12.136-4.134 3.622-1.327 9.368-1.062 16.137-2.503 0.759-0.152 1.858-0.19 2.75-0.247l39.234-39.234-1.308 0.759c-6.675 4.001-14.753 6.827-20.366 6.087z",
          "M117.267 817.873c19.342-6.277 36.409-27.098 43.236-38.286 6.77-11.169 24.083-33.527 35.006-47.844 10.942-14.298 39.196-32.009 62.957-39.822 23.704-7.775 50.404-17.825 64.057-32.806 13.615-14.962 12.667-19.304 21.637-23.343 8.969-4.020 20.689-8.723 23.495-13.615 2.769-4.873 2.901-21.201 16.687-25.619 13.767-4.437 13.274-4.627 14.488-10.392 1.195-5.746-6.884-10.050-11.207-10.638-4.267-0.569-16.498 2.465-14.791-1.65 1.745-4.096 9.956-14.829 20.518-19.684 10.543-4.873 23.173-13.407 26.302-18.906s11.852-14.564 22.414-19.418c10.581-4.855 25.107-13.141 32.237-16.1 7.13-2.977 25.183-10.373 29.013-12.591 3.887-2.257 18.299-6.58 19.001-14.374 0.645-7.813-5.537-8.666 1.612-17.541 7.13-8.913 11.378-11.093 17.73-22.471 6.277-11.378 8.154-13.521 17.105-18.204 8.932-4.665 30.985-18.204 33.754-18.242 2.75-0.019 9.159-0.303 14.184-8.344 5.006-8.002 11.245-7.13 16.175-8.42 4.93-1.308 12.193-14.127 18.413-16.062 6.163-1.896 8.439-9.5 9.178-14.924 0.759-5.404 3.641-17.673 9.766-19.191s10.221-11.245 11.757-16.555c1.498-5.31 3.489-19.684 10.904-21.788 7.396-2.162 4.836-0.929 9.159-6.258 4.267-5.348 7.889-14.336 14.545-19.721 6.732-5.385 9.861-8.154 11.662-15.796 1.896-7.642 7.054-31.023 16.801-44.297 9.728-13.274 19.399-20.233 30.151-29.431s11.055-20.196 17.143-26.871c6.068-6.675 1.896-10.809 5.67-15.057 3.679-4.229 4.172-7.699 4.873-9.975 0.721-2.313-2.579-6.694 2.010-11.605 4.608-4.873 8.533-4.741 12.705-8.913 2.769-2.769 2.181-5.12 2.162-7.452-82.397-59.805-185.551-95.669-297.081-95.669-0.244 0-0.489 0-0.733 0.001l0.038-0c-282.776 0-512 229.224-512 512 0 117.001 39.31 224.749 105.339 310.955 3.849-1.934 7.832-3.755 11.928-5.063z"
        ],
        "attrs": [
          {
            "fill": "rgb(63, 169, 245)"
          },
          {
            "fill": "rgb(63, 169, 245)"
          },
          {
            "fill": "rgb(112, 207, 41)"
          },
          {
            "fill": "rgb(112, 207, 41)"
          }
        ],
        "isMulticolor": true,
        "isMulticolor2": false,
        "grid": 0,
        "tags": [
          "logo"
        ],
        "colorPermutations": {
          "1122074112552552551631692451972171": [
            {
              "f": 2
            },
            {
              "f": 2
            },
            {
              "f": 1
            },
            {
              "f": 1
            }
          ]
        }
      },
      "attrs": [
        {
          "fill": "rgb(63, 169, 245)"
        },
        {
          "fill": "rgb(63, 169, 245)"
        },
        {
          "fill": "rgb(112, 207, 41)"
        },
        {
          "fill": "rgb(112, 207, 41)"
        }
      ],
      "properties": {
        "order": 38,
        "id": 3,
        "name": "logo",
        "prevSize": 32
      },
      "setIdx": 0,
      "setId": 3,
      "iconIdx": 15
    },
    {
      "icon": {
        "paths": [
          "M901.622 723.292h19.205v-64.145l58.832 57.479c1.282 1.011 2.874 2.197 4.493 3.347l0.395 0.266c1.372 0.927 2.724 1.758 4.135 2.512 1.118 0.58 2.415 1.053 3.777 1.352l0.106 0.020c1.391 0.29 2.802 0.425 4.193 0.425 2.859 0 5.738-0.483 8.424-1.758 2.435-1.21 4.491-2.827 6.16-4.784l0.022-0.027c1.778-2.106 3.014-4.56 3.903-7.129 0.889-2.859 1.333-5.854 1.333-8.772v-60.242h-19.243v63.971l-58.948-58.001c-4.579-4.482-10.182-7.883-16.79-7.883-2.695 0.014-5.25 0.596-7.557 1.632l0.118-0.047c-2.469 1.143-4.595 2.539-6.483 4.199l0.030-0.026c-1.78 1.705-3.261 3.705-4.368 5.923l-0.056 0.124c-1.072 2.103-1.7 4.587-1.7 7.218 0 0.016 0 0.033 0 0.049l-0-0.003v64.299h0.019zM613.434 586.385h67.41v-120.909l222.401 111.288c23.996 11.921 60.339 14.761 83.698 0 22.837-14.375 29.657-39.279 29.657-64.898v-209.959h-787.475c-13.293 0-26.354 2.029-38.989 5.97-13.057 4.084-24.408 10.012-34.441 17.593l0.282-0.204c-10.047 7.554-18.162 16.828-24.383 27.609-6.53 11.303-9.332 23.745-9.332 36.671 0 12.404 2.55 24.209 8.018 35.299 5.455 10.973 12.677 20.257 21.399 27.867l0.105 0.090c8.744 7.678 19.020 13.87 30.278 18.040l0.674 0.219c10.728 4.16 23.144 6.569 36.122 6.569 0.105 0 0.209-0 0.314-0l-0.016 0h278.335v42.081h-422.081v-220.237h-75.409v286.952l470.943-0.039c12.269 0 24.209-2.222 35.763-6.53 11.763-4.48 21.9-10.603 30.715-18.214l-0.131 0.11c8.689-7.567 15.82-16.666 21.020-26.911l0.233-0.505c5.047-9.894 8.004-21.579 8.004-33.955 0-0.309-0.002-0.618-0.006-0.927l0 0.047c0-12.191-2.454-23.765-7.477-34.835-5.061-11.138-11.894-20.612-20.244-28.496l-0.043-0.040c-8.59-8.057-18.744-14.568-29.941-19.018l-0.644-0.226c-11.020-4.489-23.805-7.095-37.199-7.095-0.324 0-0.647 0.002-0.97 0.005l0.049-0h-274.335v-42.95h753.084v155.049l-224.778-111.944c-52.108-25.928-110.611-16.597-110.611 52.011v124.426zM96.72 704.686h-76.839v-44.109h76.839v44.109zM0.386 723.292h88.392c3.613 0 7.11-0.599 10.549-1.874 3.246-1.217 6.26-2.956 8.868-5.255 2.57-2.261 4.598-4.946 6.144-8.037 1.546-3.169 2.261-6.608 2.261-10.124v-31.164c0-3.594-0.676-7.033-2.222-10.317-1.523-3.112-3.556-5.744-6.018-7.897l-0.029-0.025c-2.445-2.209-5.343-3.969-8.533-5.121l-0.18-0.057c-3.095-1.223-6.68-1.932-10.43-1.932-0.035 0-0.070 0-0.105 0l0.005-0h-88.721v81.804h0.019zM312.9 723.659v-20.21h-96.314v-11.187h96.314v-19.611h-96.314v-11.902h96.314v-19.514h-86.885c-3.826 0-7.709 0.56-11.341 1.778-3.323 1.179-6.376 2.821-9.061 5.101-5.1 4.401-8.308 10.874-8.308 18.095 0 0.336 0.007 0.67 0.021 1.002l-0.002-0.048v30.43c0 3.652 0.676 7.265 2.261 10.51 1.623 3.111 3.69 5.893 6.337 8.211 2.647 2.357 5.738 4.096 9.139 5.39 3.439 1.217 7.013 1.951 10.723 1.951h87.117zM514.608 660.673v-18.49h-90.576c-3.71 0-7.477 0.56-11.090 1.739-3.478 1.063-6.801 2.686-9.738 4.907-2.81 2.137-5.129 4.758-6.869 7.758l-0.067 0.125c-1.667 2.914-2.65 6.405-2.65 10.126 0 0.115 0.001 0.23 0.003 0.344l-0-0.017c0 3.478 0.715 6.898 2.299 10.047 1.468 3.014 3.536 5.777 6.105 7.922 2.608 2.338 5.545 4.038 8.791 5.236 3.362 1.237 6.859 1.893 10.414 1.893h79.428v12.075h-101.743v18.934h94.111c3.516 0 6.898-0.599 10.143-1.855 3.246-1.217 6.183-2.917 8.733-5.178 2.589-2.183 4.54-4.83 6.067-7.786 1.427-2.794 2.264-6.094 2.264-9.59 0-0.127-0.001-0.253-0.003-0.379l0 0.019c0.001-0.069 0.001-0.15 0.001-0.231 0-3.519-0.784-6.854-2.186-9.841l0.060 0.142c-1.433-3.185-3.366-5.898-5.729-8.164l-0.009-0.009c-2.473-2.247-5.375-4.075-8.561-5.343l-0.192-0.067c-3.098-1.285-6.696-2.031-10.469-2.031-0.13 0-0.26 0.001-0.39 0.003l0.020-0h-78.346v-12.307l100.178 0.019zM622.476 641.468h-21.485v82.5h21.485v-82.5zM763.402 672.304v19.63h37.733v11.534h-78.829v-42.892h98.613v-19.089h-88.141c-7.535 0-15.766 1.275-21.968 5.951-5.352 4.096-7.69 9.68-7.69 16.326v33.522c0 3.826 0.715 7.612 2.454 11.032 1.7 3.13 3.903 5.777 6.704 7.979 2.879 2.222 6.125 3.864 9.564 4.927 3.632 1.179 7.438 1.739 11.283 1.739h56.494c3.883 0 7.69-0.464 11.515-1.507 3.555-0.947 6.859-2.454 9.931-4.598 2.864-2.067 5.205-4.674 6.913-7.687l0.062-0.119c1.646-3.058 2.613-6.691 2.613-10.551 0-0.169-0.002-0.338-0.006-0.506l0 0.025v-25.677l-57.247-0.039z"
        ],
        "attrs": [
          {
            "fill": "rgb(255, 255, 255)"
          }
        ],
        "isMulticolor": false,
        "isMulticolor2": false,
        "grid": 0,
        "tags": [
          "logo-developer"
        ],
        "colorPermutations": {
          "1122074112552552551631692451972171": [
            {
              "f": 3
            }
          ]
        }
      },
      "attrs": [
        {
          "fill": "rgb(255, 255, 255)"
        }
      ],
      "properties": {
        "order": 39,
        "id": 2,
        "name": "logo-developer",
        "prevSize": 32
      },
      "setIdx": 0,
      "setId": 3,
      "iconIdx": 16
    },
    {
      "icon": {
        "paths": [
          "M512 0c-282.752 0-512 229.248-512 512s229.248 512 512 512 512-229.248 512-512-229.248-512-512-512zM649.685 775.851c-67.84-4.181-201.259-82.091-263.424-152.064-61.995-70.016-123.563-211.755-119.509-279.723 0 0 73.899-97.749 107.819-95.787 34.176 2.048 129.835 109.909 93.653 141.995-35.84 31.872-69.845 29.909-71.851 63.744-1.92 33.92 29.909 70.016 61.653 105.941 32.085 36.096 63.915 71.893 97.92 73.813 33.92 2.133 36.011-31.701 71.851-63.787 36.011-31.915 131.84 76.117 129.749 110.037-1.877 33.792-107.861 95.829-107.861 95.829z"
        ],
        "attrs": [
          {
            "opacity": 0.4
          }
        ],
        "isMulticolor": false,
        "isMulticolor2": false,
        "grid": 0,
        "tags": [
          "telephone"
        ],
        "colorPermutations": {
          "1122074112552552551631692451972171": [
            {}
          ]
        }
      },
      "attrs": [
        {
          "opacity": 0.4
        }
      ],
      "properties": {
        "order": 40,
        "id": 1,
        "name": "telephone",
        "prevSize": 32
      },
      "setIdx": 0,
      "setId": 3,
      "iconIdx": 17
    },
    {
      "icon": {
        "paths": [
          "M512 0c-282.752 0-512 229.248-512 512s229.248 512 512 512 512-229.248 512-512-229.248-512-512-512zM649.685 775.851c-67.84-4.181-201.259-82.091-263.424-152.064-61.995-70.016-123.563-211.755-119.509-279.723 0 0 73.899-97.749 107.819-95.787 34.176 2.048 129.835 109.909 93.653 141.995-35.84 31.872-69.845 29.909-71.851 63.744-1.92 33.92 29.909 70.016 61.653 105.941 32.085 36.096 63.915 71.893 97.92 73.813 33.92 2.133 36.011-31.701 71.851-63.787 36.011-31.915 131.84 76.117 129.749 110.037-1.877 33.792-107.861 95.829-107.861 95.829z"
        ],
        "attrs": [
          {
            "fill": "rgb(255, 255, 255)",
            "opacity": 0.8
          }
        ],
        "isMulticolor": false,
        "isMulticolor2": false,
        "grid": 0,
        "tags": [
          "telephone1"
        ],
        "colorPermutations": {
          "1122074112552552551631692451972171": [
            {
              "f": 3
            }
          ]
        }
      },
      "attrs": [
        {
          "fill": "rgb(255, 255, 255)",
          "opacity": 0.8
        }
      ],
      "properties": {
        "order": 41,
        "id": 0,
        "name": "telephone1",
        "prevSize": 32
      },
      "setIdx": 0,
      "setId": 3,
      "iconIdx": 18
    }
  ],
  "height": 1024,
  "preferences": {
    "showGlyphs": true,
    "showQuickUse": true,
    "showQuickUse2": true,
    "showSVGs": true,
    "fontPref": {
      "prefix": "icon-",
      "metadata": {
        "fontFamily": "icomoon"
      },
      "metrics": {
        "emSize": 1024,
        "baseline": 6.25,
        "whitespace": 50
      },
      "embed": false
    },
    "imagePref": {
      "prefix": "icon-",
      "png": true,
      "useClassSelector": true,
      "color": 0,
      "bgColor": 16777215,
      "classSelector": ".icon",
      "name": "icomoon",
      "height": 32,
      "columns": 16,
      "margin": 16
    },
    "historySize": 50,
    "showCodes": true,
    "gridSize": 16
  }
}